Date,Age,Gender,Ethnicity,Education,Occupation,CountryLive,CountryChildhood,CountryIdentify,Language,BirthOrder,Married,Children,MoralCourses,Books,ReligionGrow,ReligionIdentify,ReligionLevel,Dilemma_0,HR_0,ShowTime_0,Dilemma_1,HR_1,ShowTime_1,Dilemma_2,HR_2,ShowTime_2,Dilemma_3,HR_3,ShowTime_3,Dilemma_4,HR_4,ShowTime_4,Dilemma_5,HR_5,ShowTime_5,Dilemma_6,HR_6,ShowTime_6,Dilemma_7,HR_7,ShowTime_7,Dilemma_8,HR_8,ShowTime_8,Dilemma_9,HR_9,ShowTime_9,Dilemma_10,HR_10,ShowTime_10,Dilemma_11,HR_11,ShowTime_11,Dilemma_12,HR_12,ShowTime_12,Dilemma_13,HR_13,ShowTime_13,Dilemma_14,HR_14,ShowTime_14,Dilemma_15,HR_15,ShowTime_15,Dilemma_16,HR_16,ShowTime_16,Dilemma_17,HR_17,ShowTime_17,Dilemma_18,HR_18,ShowTime_18,Dilemma_19,HR_19,ShowTime_19,Dilemma_20,HR_20,ShowTime_20,Dilemma_21,HR_21,ShowTime_21,Dilemma_22,HR_22,ShowTime_22,Dilemma_23,HR_23,ShowTime_23,Dilemma_24,HR_24,ShowTime_24,Dilemma_25,HR_25,ShowTime_25,Dilemma_26,HR_26,ShowTime_26,Dilemma_27,HR_27,ShowTime_27,Dilemma_28,HR_28,ShowTime_28,Dilemma_29,HR_29,ShowTime_29,Dilemma_30,HR_30,ShowTime_30,Dilemma_31,HR_31,ShowTime_31
01.05.2014 21:04:40,45,Male,White British,Masters's Degree,Manufacturing,United Kingdom,,United Kingdom,English,2nd,True,1,False,No books on moral philosophy,Christian (Protestant),None,Not at all,7,66.7090216010165,01.05.2014 21:02:13,1,66.6766781799069,01.05.2014 20:59:45,2,69.8380566801619,01.05.2014 20:55:37,6,62.6304801670146,01.05.2014 20:52:27,4,54.6724713981978,01.05.2014 20:43:56,2,65.3980653072347,01.05.2014 20:53:15,5,65.6781769330282,01.05.2014 20:49:16,1,93.3997509339975,01.05.2014 20:46:00,2,60.4597755020739,01.05.2014 20:45:19,3,69.2867922052359,01.05.2014 20:47:04,2,67.8012068614821,01.05.2014 20:56:18,4,61.6362969304146,01.05.2014 20:46:23,1,64.6029609690444,01.05.2014 20:55:05,1,66.7037242912729,01.05.2014 21:03:49,6,63.0369816959283,01.05.2014 20:57:41,6,67.6016248109823,01.05.2014 21:02:33,5,71.2570676167609,01.05.2014 20:57:02,6,72.6094926233739,01.05.2014 20:48:19,1,69.0783493910198,01.05.2014 20:51:09,6,64.2927794263106,01.05.2014 20:59:08,6,66.8993600930774,01.05.2014 20:54:23,6,64.5522806231088,01.05.2014 20:51:42,3,75.4395311667555,01.05.2014 20:44:31,3,68.10274631727,01.05.2014 21:00:43,2,65.509481049043,01.05.2014 20:58:23,1,67.9950892435546,01.05.2014 21:03:06,1,60.4483250776593,01.05.2014 21:01:23,2,74.7949171626186,01.05.2014 21:00:18,2,63.9780646635439,01.05.2014 21:01:47,2,62.5623960066556,01.05.2014 20:49:56,6,63.8501649462594,01.05.2014 20:50:41,3,84.599115554701,01.05.2014 20:53:37 
02.09.2014 20:19:32,21,Female,White British,Bachelor's Degree,Student,United Kingdom,,United Kingdom,English,1st Born,False,-1,False,No books on moral philosophy,None,None,Not at all,7,73.0704825696453,02.09.2014 20:10:24,1,73.9702185263972,02.09.2014 20:14:55,5,74.9279538904899,02.09.2014 20:19:08,6,72.0209515495417,02.09.2014 20:05:03,4,73.8188976377953,02.09.2014 20:16:02,6,75.1242865034064,02.09.2014 20:13:15,6,75.9634387351779,02.09.2014 20:10:51,4,75.4097519686049,02.09.2014 20:06:59,6,72.4054706355591,02.09.2014 20:13:42,6,73.9086919701286,02.09.2014 20:06:07,6,72.170989729513,02.09.2014 20:02:32,6,74.0131578947369,02.09.2014 20:12:34,3,74.5461103763376,02.09.2014 20:15:36,4,80.8812201509783,02.09.2014 20:18:18,6,74.3569640102178,02.09.2014 20:09:11,6,73.9784946236559,02.09.2014 20:03:47,6,73.901205756515,02.09.2014 20:07:39,6,76.0957792207792,02.09.2014 20:12:56,3,75.3466748603949,02.09.2014 20:16:42,5,74.6810496836428,02.09.2014 20:17:49,4,77.9584221748401,02.09.2014 20:17:20,6,72.6044318955303,02.09.2014 20:11:24,6,75.6143667296786,02.09.2014 20:09:51,6,74.1987564838034,02.09.2014 20:12:04,6,70.5458908218356,02.09.2014 20:04:22,6,72.9986211371563,02.09.2014 20:08:09,4,72.5726642964483,02.09.2014 20:05:39,6,74.1774675972084,02.09.2014 20:14:29,6,70.9891150023663,02.09.2014 20:03:04,6,73.8916256157635,02.09.2014 20:14:07,5,77.814283243991,02.09.2014 20:08:47,4,75.2888235039592,02.09.2014 20:18:45 
03.01.2014 21:53:07,31,Male,White British,Some College,Manufacturing,United Kingdom,,United Kingdom,English,1st Born,True,1,False,No books on moral philosophy,Christian (Other),None,Not at all,6,64.5518258945039,03.01.2014 21:26:41,1,65.2421689745975,03.01.2014 21:24:03,5,68.4624828482704,03.01.2014 21:43:31,5,69.6038504257682,03.01.2014 21:52:19,3,64.4437775426071,03.01.2014 21:28:47,4,69.0158231399394,03.01.2014 21:32:23,3,65.9981300529818,03.01.2014 21:50:50,1,66.1339211904106,03.01.2014 21:27:13,1,68.9956756231476,03.01.2014 21:38:05,5,69.1206319600636,03.01.2014 21:46:25,5,73.0257976755841,03.01.2014 21:48:08,6,65.9553095919489,03.01.2014 21:34:07,2,69.0506580736959,03.01.2014 21:40:11,2,67.9735388723675,03.01.2014 21:40:59,3,67.4034792090004,03.01.2014 21:45:24,6,68.2020880331567,03.01.2014 21:37:09,5,64.9896781099472,03.01.2014 21:20:58,6,68.5147622267298,03.01.2014 21:34:59,1,70.5882352941177,03.01.2014 21:51:43,4,68.8895439946626,03.01.2014 21:42:27,3,71.7358143114324,03.01.2014 21:49:37,3,68.6428372372725,03.01.2014 21:33:00,4,71.7473468429032,03.01.2014 21:48:49,5,69.7071983672188,03.01.2014 21:39:07,3,67.1825623926945,03.01.2014 21:25:19,2,66.4324208290495,03.01.2014 21:30:54,1,70.5068812004248,03.01.2014 21:44:41,4,68.6470294558163,03.01.2014 21:47:20,4,68.5206929275707,03.01.2014 21:36:06,3,63.5977350280332,03.01.2014 21:22:17,4,70.7692307692308,03.01.2014 21:41:48,3,66.2387433564118,03.01.2014 21:29:51 
04.09.2014 20:14:46,26,Male,Black or Black British,Some College,Other,United Kingdom,,United Kingdom,Other,4th,False,-1,False,No books on moral philosophy,Christian (Catholic),None,Not at all,2,71.718862060722,04.09.2014 20:12:47,1,72.9720273895007,04.09.2014 19:59:17,4,72.3449406771486,04.09.2014 19:58:35,4,70.1556326102734,04.09.2014 19:57:15,5,77.8761061946903,04.09.2014 20:07:31,3,73.1538537581969,04.09.2014 19:58:04,6,69.8047354023205,04.09.2014 20:08:48,2,72.0628912505459,04.09.2014 20:09:19,6,73.9202365447569,04.09.2014 20:10:14,4,72.8093692676732,04.09.2014 20:03:27,1,68.4699133331277,04.09.2014 20:13:26,1,69.7058413495051,04.09.2014 20:12:27,7,71.1030082041933,04.09.2014 20:13:03,7,69.5613149332436,04.09.2014 20:11:18,5,68.4647302904564,04.09.2014 20:10:42,5,70.8193725251295,04.09.2014 20:04:02,1,72.1955467953199,04.09.2014 20:00:52,6,71.8849840255591,04.09.2014 20:07:03,5,73.7553779963122,04.09.2014 20:00:17,5,71.127502634352,04.09.2014 20:11:45,5,71.6280746013154,04.09.2014 20:02:42,6,72.900602831908,04.09.2014 20:14:17,3,70.1400508859193,04.09.2014 20:05:50,3,77.6845006891367,04.09.2014 20:02:18,3,71.1024363040675,04.09.2014 20:06:33,2,73.4675135838371,04.09.2014 20:04:57,1,72.3763570566948,04.09.2014 20:04:29,6,69.2251639543357,04.09.2014 20:11:01,3,68.8223727332314,04.09.2014 20:12:07,6,67.8012532958943,04.09.2014 20:07:48,5,71.7703349282297,04.09.2014 20:13:59,2,66.149939863691,04.09.2014 20:08:17 
06.06.2014 14:53:43,36,Male,White British,Some College,Manufacturing,United Kingdom,,United Kingdom,English,1st Born,False,1,False,No books on moral philosophy,Christian (Catholic),None,Somewhat,7,75.8001122964627,06.06.2014 14:42:46,7,78.1110152804674,06.06.2014 14:34:06,7,75.6620428751576,06.06.2014 14:47:52,7,77.1460326454116,06.06.2014 14:52:52,7,79.7221380451759,06.06.2014 14:51:21,7,80.7102502017756,06.06.2014 14:38:59,7,81.0282201732327,06.06.2014 14:40:38,4,78.6001684289323,06.06.2014 14:47:09,7,73.7116350003177,06.06.2014 14:28:02,7,76.9583142464498,06.06.2014 14:28:49,7,78.6320519221168,06.06.2014 14:36:23,7,80.5183367931056,06.06.2014 14:52:04,3,77.0607432361301,06.06.2014 14:49:38,6,77.5952464173366,06.06.2014 14:50:25,7,75.5233018911905,06.06.2014 14:32:26,7,79.1990739800581,06.06.2014 14:37:11,7,78.8648244958925,06.06.2014 14:35:49,7,74.5194038447692,06.06.2014 14:29:44,4,78.2268578878748,06.06.2014 14:38:00,7,77.4965443792346,06.06.2014 14:45:50,7,77.1279037737581,06.06.2014 14:48:42,7,77.4380065736263,06.06.2014 14:44:52,7,78.0893463820293,06.06.2014 14:39:40,7,79.3161187979202,06.06.2014 14:44:06,7,77.1607900343577,06.06.2014 14:43:15,4,75.0615087363256,06.06.2014 14:31:14,4,76.960351167232,06.06.2014 14:46:35,7,77.5884364493233,06.06.2014 14:30:39,7,76.1786530485568,06.06.2014 14:33:30,7,78.4742699514886,06.06.2014 14:35:07,7,77.4546282937201,06.06.2014 14:42:06,7,75.0016741445122,06.06.2014 14:41:21 
06.06.2014 22:03:03,29,Female,White British,Secondary School,Administrative Support,United Kingdom,,United Kingdom,English,1st Born,False,-1,False,No books on moral philosophy,Christian (Catholic),None,Not at all,7,67.1351206194334,06.06.2014 22:00:10,1,70.5986174437417,06.06.2014 21:57:20,2,67.5434811159684,06.06.2014 21:44:46,4,68.445858725346,06.06.2014 21:56:47,5,71.4376187460418,06.06.2014 21:52:00,4,65.2095157589663,06.06.2014 21:47:52,2,66.5164423343415,06.06.2014 22:00:32,1,69.7717118550707,06.06.2014 21:47:20,2,70.6350735246902,06.06.2014 21:54:46,2,70.128569043246,06.06.2014 21:50:27,1,68.8734650293647,06.06.2014 21:58:28,3,69.0805145307289,06.06.2014 21:55:56,1,74.8013090229079,06.06.2014 22:01:56,4,67.9386287720093,06.06.2014 21:48:59,4,58.2447855175128,06.06.2014 21:40:00,5,70.9219858156028,06.06.2014 21:54:10,4,69.0382587016972,06.06.2014 21:48:18,3,67.4451148172788,06.06.2014 21:51:16,1,62.402496099844,06.06.2014 21:41:33,1,70.3955926237662,06.06.2014 22:02:22,1,67.1684451219512,06.06.2014 21:52:39,1,61.6796695731987,06.06.2014 21:42:29,4,61.6008986484038,06.06.2014 21:43:23,4,66.8027463351271,06.06.2014 21:53:20,4,55.4321545810155,06.06.2014 21:45:42,2,67.0942892198736,06.06.2014 21:59:06,2,56.3200255636995,06.06.2014 21:46:35,1,70.5152312899586,06.06.2014 21:58:08,1,74.9022110023026,06.06.2014 21:49:52,2,61.0733856686699,06.06.2014 21:38:50,3,70.6097720437606,06.06.2014 21:55:33,1,59.8536909776103,06.06.2014 21:40:39 
08.03.2014 21:28:28,39,Male,White British,Some College,Manufacturing,United Kingdom,,United Kingdom,English,4th,False,2,False,No books on moral philosophy,Christian (Orthodox),Christian (Orthodox),Somewhat,7,101.301571709234,08.03.2014 21:12:38,1,97.9591836734694,08.03.2014 21:09:21,7,96.2426989800366,08.03.2014 21:10:34,7,94.6637373007564,08.03.2014 21:05:16,7,97.2797694109169,08.03.2014 21:01:41,7,96.262839404984,08.03.2014 21:04:19,7,93.9797827442677,08.03.2014 20:57:40,7,97.7600462913615,08.03.2014 21:03:14,7,98.0652542546019,08.03.2014 21:02:24,7,100.56686566602,08.03.2014 21:26:45,7,100.082156994548,08.03.2014 21:13:11,7,99.8789346246973,08.03.2014 21:15:58,7,95.1219512195122,08.03.2014 21:13:51,7,96.7912481190776,08.03.2014 21:21:44,7,95.6539821168642,08.03.2014 20:58:50,7,99.5383727639931,08.03.2014 21:26:17,7,97.9691805286254,08.03.2014 21:13:59,7,97.013871957088,08.03.2014 21:24:59,5,98.6970261027661,08.03.2014 21:16:18,7,96.6332245953099,08.03.2014 21:00:02,7,103.244376310109,08.03.2014 21:27:38,7,101.793288191086,08.03.2014 21:11:31,1,97.8778816021064,08.03.2014 21:14:48,7,98.4442295860069,08.03.2014 21:21:10,7,96.4967484791273,08.03.2014 21:07:56,1,94.9653847547936,08.03.2014 21:19:47,6,98.7439192623248,08.03.2014 21:24:18,7,97.3131411822179,08.03.2014 21:06:25,7,98.0451127819549,08.03.2014 21:17:27,7,97.1502590673575,08.03.2014 21:19:07,7,96.3178489013745,08.03.2014 21:07:16,7,98.2495335051219,08.03.2014 21:22:58 
10.03.2014 16:12:37,36,Male,White British,Some College,Manufacturing,United Kingdom,,United Kingdom,English,1st Born,False,1,False,No books on moral philosophy,Christian (Catholic),None,Not at all,7,74.0088105726872,10.03.2014 15:55:33,1,70.7945900253593,10.03.2014 16:04:33,6,66.8105663480317,10.03.2014 15:46:02,6,70.5235195937845,10.03.2014 15:58:41,6,69.6166533955181,10.03.2014 16:00:38,6,69.416088199265,10.03.2014 15:57:10,6,71.34707782295,10.03.2014 16:02:32,5,64.1872758164999,10.03.2014 15:57:53,6,73.2644017725258,10.03.2014 16:11:40,6,68.2407235266456,10.03.2014 15:52:06,6,68.7298797227105,10.03.2014 16:10:49,6,70.8272859216255,10.03.2014 15:47:00,6,65.0201368334223,10.03.2014 15:43:45,6,68.9819219790676,10.03.2014 15:44:46,6,72.3824204547359,10.03.2014 16:09:51,6,70.0832238282961,10.03.2014 15:59:22,6,69.804220973987,10.03.2014 15:53:36,6,62.4248402221351,10.03.2014 15:42:29,6,70.9423508943804,10.03.2014 16:03:34,7,68.8653359875182,10.03.2014 16:05:30,6,62.2305196248389,10.03.2014 15:47:51,6,72.8188070301614,10.03.2014 15:56:02,6,70.1900035849733,10.03.2014 15:48:59,6,71.1466302811754,10.03.2014 16:06:27,6,72.5110118148425,10.03.2014 15:54:31,4,70.1544252898148,10.03.2014 16:01:23,5,79.0309302599083,10.03.2014 15:51:22,6,68.0854708174539,10.03.2014 15:50:35,6,71.6042767724494,10.03.2014 16:08:19,6,71.7239216915871,10.03.2014 16:07:27,6,65.4530578850481,10.03.2014 15:49:52,6,73.7903225806452,10.03.2014 16:09:00 
12.01.2014 20:38:04,44,Male,White British,Masters's Degree,Other,United Kingdom,,United Kingdom,English,2nd,True,1,False,No books on moral philosophy,Christian (Protestant),None,Not at all,7,74.0584003385527,12.01.2014 20:23:41,1,74.6044676928354,12.01.2014 20:31:57,5,70.8382526564345,12.01.2014 20:24:59,2,76.2339143182929,12.01.2014 20:35:26,2,71.0162081209691,12.01.2014 20:20:10,5,73.5629562043796,12.01.2014 20:32:22,5,75.4444147556701,12.01.2014 20:33:30,1,76.7240610223927,12.01.2014 20:32:56,1,74.2481034451837,12.01.2014 20:30:27,4,69.905380595961,12.01.2014 20:17:04,4,71.0352126571834,12.01.2014 20:20:51,2,74.1923154747184,12.01.2014 20:27:43,1,72.6864436827798,12.01.2014 20:31:23,1,73.0634459106837,12.01.2014 20:28:27,6,74.9197288619336,12.01.2014 20:29:07,5,74.0169622205089,12.01.2014 20:26:29,4,69.0554745645669,12.01.2014 20:16:25,4,68.699012451696,12.01.2014 20:14:43,1,75.0853242320819,12.01.2014 20:36:49,2,71.7136316674432,12.01.2014 20:24:10,5,75.0682438580528,12.01.2014 20:34:34,3,72.503108526996,12.01.2014 20:21:47,2,75.3142923353224,12.01.2014 20:35:57,2,69.4461917822006,12.01.2014 20:15:45,3,68.2903452171085,12.01.2014 20:12:05,3,71.699930440366,12.01.2014 20:25:33,1,72.1257047997939,12.01.2014 20:29:52,1,74.0479548660085,12.01.2014 20:27:14,1,67.5675675675676,12.01.2014 20:14:02,1,76.1320679901663,12.01.2014 20:18:00,1,76.5887609032611,12.01.2014 20:37:24,1,70.0570835495589,12.01.2014 20:19:16 
13.01.2014 12:22:14,48,Female,White British,Some College,Home and Family,United Kingdom,,United Kingdom,English,3rd,False,2,False,No books on moral philosophy,Other,None,Not at all,7,80.2557745008482,13.01.2014 12:11:52,1,82.3300283286119,13.01.2014 12:10:32,2,80.8418705136246,13.01.2014 12:12:24,4,81.6643982111608,13.01.2014 12:20:29,1,80.1796934974837,13.01.2014 12:11:17,4,80.2632054665751,13.01.2014 12:15:46,2,79.4744092402246,13.01.2014 12:08:36,2,83.7471480338209,13.01.2014 12:16:51,3,84.8552827290239,13.01.2014 12:18:46,2,80.6451612903226,13.01.2014 12:16:13,3,76.7780172413793,13.01.2014 12:06:18,7,72.4597903057584,13.01.2014 12:01:15,1,83.743842364532,13.01.2014 12:19:27,1,78.1199140680945,13.01.2014 12:07:51,4,76.4763175931604,13.01.2014 12:04:05,6,74.0142448050518,13.01.2014 12:00:06,6,83.1274389821507,13.01.2014 12:09:15,4,82.8625235404896,13.01.2014 12:21:39,2,80.4788692919061,13.01.2014 12:13:34,4,83.1683168316832,13.01.2014 12:18:15,3,76.6749832653806,13.01.2014 12:05:29,3,77.0138500714241,13.01.2014 12:07:02,4,79.1978028996615,13.01.2014 12:14:24,6,80.0394397239219,13.01.2014 12:09:58,4,84.7370052702284,13.01.2014 12:21:10,4,83.2995151541041,13.01.2014 12:17:28,1,79.9214806505889,13.01.2014 12:13:07,3,74.6525479814692,13.01.2014 12:03:28,1,81.4111261872456,13.01.2014 12:20:04,4,79.6554165683267,13.01.2014 12:15:11,6,71.8658504125632,13.01.2014 12:02:10,6,72.6562002081961,13.01.2014 12:02:40 
14.05.2014 19:49:54,49,Female,White British,Some College,Health Care,United Kingdom,,United Kingdom,English,3rd,False,2,False,No books on moral philosophy,None,None,Not at all,7,84.1184387617766,14.05.2014 19:38:09,1,84.0168033606721,14.05.2014 19:37:43,2,85.0408257587429,14.05.2014 19:43:35,4,85.7658742100512,14.05.2014 19:39:51,1,77.395101995688,14.05.2014 19:32:18,3,85.6240019027556,14.05.2014 19:46:51,3,89.386622829549,14.05.2014 19:44:48,1,81.3609467455621,14.05.2014 19:34:15,1,89.5262568906205,14.05.2014 19:47:49,3,78.6393017783206,14.05.2014 19:41:22,2,84.8320325755005,14.05.2014 19:35:20,3,80.7802776448061,14.05.2014 19:40:49,1,87.250432321962,14.05.2014 19:46:07,1,92.5538590253085,14.05.2014 19:49:12,1,83.8686652391149,14.05.2014 19:48:14,4,86.4090852981113,14.05.2014 19:48:48,4,82.5890713531163,14.05.2014 19:35:56,4,84.9967804249839,14.05.2014 19:39:19,1,66.736810461446,14.05.2014 19:34:47,4,83.2929782082324,14.05.2014 19:40:18,2,83.5851604192117,14.05.2014 19:41:56,3,87.3408675859513,14.05.2014 19:45:27,4,78.2135570165495,14.05.2014 19:42:42,4,78.4751575085732,14.05.2014 19:33:12,4,84.6620572879921,14.05.2014 19:47:21,5,83.6468498749117,14.05.2014 19:38:27,1,84.2074161619146,14.05.2014 19:36:27,1,86.6701334720055,14.05.2014 19:44:31,1,84.2418235877106,14.05.2014 19:44:08,4,83.3995234312947,14.05.2014 19:46:32,2,82.5426944971537,14.05.2014 19:37:23,4,82.5564996044168,14.05.2014 19:36:54 
16.01.2014 21:15:58,33,Male,White British,Secondary School,Public Policy,United Kingdom,,United Kingdom,English,1st Born,False,-1,False,1,None,None,Not at all,7,77.8669183577159,16.01.2014 20:51:05,5,84.2764266795088,16.01.2014 20:59:42,1,88.4796604682948,16.01.2014 21:11:30,1,84.4343679149402,16.01.2014 21:08:33,1,83.7622505816823,16.01.2014 21:02:48,1,85.6307435254804,16.01.2014 21:15:24,1,84.7176948419823,16.01.2014 21:06:19,1,85.4065509987822,16.01.2014 21:14:21,1,86.1878453038674,16.01.2014 21:13:23,1,85.3709257272946,16.01.2014 20:57:23,1,86.6414189575784,16.01.2014 21:07:56,1,85.6040229212958,16.01.2014 21:05:35,1,84.1870824053452,16.01.2014 21:11:58,1,84.696966882743,16.01.2014 20:58:47,7,84.3243243243243,16.01.2014 21:01:52,1,86.2254796292304,16.01.2014 21:09:24,1,86.1244019138756,16.01.2014 21:10:06,6,85.2539556390434,16.01.2014 21:01:10,1,84.2718547610997,16.01.2014 20:58:09,1,86.1207227989235,16.01.2014 21:13:42,1,85.7164723589888,16.01.2014 21:00:31,1,87.9507475813544,16.01.2014 21:04:51,1,85.8011578991212,16.01.2014 21:10:18,1,86.3887992453392,16.01.2014 21:12:43,7,83.2639467110741,16.01.2014 20:54:12,6,79.9274974613192,16.01.2014 20:51:32,2,83.142872568251,16.01.2014 20:54:41,5,83.3220822805563,16.01.2014 21:03:58,5,83.3396932000305,16.01.2014 20:55:36,1,84.9428658104965,16.01.2014 21:07:17,1,86.3533408833522,16.01.2014 20:56:42,1,82.7886710239652,16.01.2014 20:53:02 
18.02.2014 12:40:08,28,Female,White other,Masters's Degree,Education: Other,United Kingdom,,United Kingdom,English,1st Born,True,1,True,2,None,None,Not at all,7,88.6917960088692,18.02.2014 12:18:14,1,94.0938042848871,18.02.2014 12:17:32,7,88.8522316156485,18.02.2014 12:22:07,7,90.7880401888391,18.02.2014 12:31:58,4,88.2098133417343,18.02.2014 12:23:46,4,92.4359594006767,18.02.2014 12:37:37,5,90.3427377613822,18.02.2014 12:25:22,3,89.2875098035273,18.02.2014 12:28:03,3,94.6298349443308,18.02.2014 12:16:27,7,89.8593505816982,18.02.2014 12:27:17,7,92.8433268858801,18.02.2014 12:35:11,7,96.6803676038836,18.02.2014 12:29:42,7,89.6954526491448,18.02.2014 12:33:53,5,90.3107753150547,18.02.2014 12:38:10,4,92.6801152737752,18.02.2014 12:35:42,7,93.6998036766018,18.02.2014 12:38:44,7,87.0616686819831,18.02.2014 12:30:55,7,91.8493073964828,18.02.2014 12:33:26,4,89.0398535789074,18.02.2014 12:18:55,7,89.0538033395176,18.02.2014 12:21:10,4,87.4483151941448,18.02.2014 12:26:14,5,89.7848903668295,18.02.2014 12:34:23,7,88.126159554731,18.02.2014 12:39:51,7,90.9891002640309,18.02.2014 12:19:56,4,86.539947457889,18.02.2014 12:24:23,4,91.6165027161944,18.02.2014 12:37:03,1,85.676625659051,18.02.2014 12:22:59,6,97.6466070546931,18.02.2014 12:32:31,4,95.5783628791844,18.02.2014 12:39:06,7,92.7109974424552,18.02.2014 12:36:25,5,89.1589340554106,18.02.2014 12:31:28,6,86.6852321028497,18.02.2014 12:28:53 
20.06.2014 15:00:40,40,Male,White British,Some College,Manufacturing,United Kingdom,,United Kingdom,English,4th,True,2,False,No books on moral philosophy,Christian (Orthodox),Christian (Orthodox),Somewhat,7,88.3636162809963,20.06.2014 14:31:38,1,82.5120330048132,20.06.2014 14:56:02,5,77.2146567457532,20.06.2014 14:59:50,6,102.488148456461,20.06.2014 14:42:42,6,96.4342295593874,20.06.2014 14:54:05,6,76.7045454545455,20.06.2014 14:48:12,6,94.0317495436694,20.06.2014 14:53:11,4,71.299292491636,20.06.2014 14:57:24,5,77.3819119780751,20.06.2014 14:51:20,6,85.7038903637025,20.06.2014 14:39:05,6,101.075007380907,20.06.2014 14:30:42,6,114.325985670099,20.06.2014 14:28:45,4,76.657951033991,20.06.2014 14:56:50,4,122.964182024251,20.06.2014 14:36:04,6,81.6986129191543,20.06.2014 14:45:45,6,71.0554697908516,20.06.2014 14:58:19,6,133.037694013304,20.06.2014 14:41:09,5,77.4145214658814,20.06.2014 14:55:14,4,91.8241654328054,20.06.2014 14:32:33,5,89.39390929498,20.06.2014 14:33:54,5,82.5918834703608,20.06.2014 14:34:44,5,124.845182065891,20.06.2014 14:37:07,6,74.8379389701878,20.06.2014 14:49:18,7,93.0478456251652,20.06.2014 14:38:06,4,109.334969148053,20.06.2014 14:52:16,2,75.3854940034266,20.06.2014 14:46:54,4,77.1931705486612,20.06.2014 14:48:40,5,96.0829668793371,20.06.2014 14:30:02,5,100.644275856811,20.06.2014 14:40:18,6,79.6439447177325,20.06.2014 14:54:48,5,79.1538723984988,20.06.2014 14:59:06,6,87.9805293948693,20.06.2014 14:50:14 
21.02.2014 16:05:24,21,Male,White British,Masters's Degree,Student,Kenya,,Kenya,English,1st Born,False,-1,False,No books on moral philosophy,Christian (Orthodox),Christian (Orthodox),Not at all,7,66.7799191611505,21.02.2014 15:59:14,1,74.1035856573705,21.02.2014 16:03:51,2,68.7588152327221,21.02.2014 15:59:31,2,67.4475595224713,21.02.2014 15:52:37,6,70.1910757060888,21.02.2014 16:01:24,6,73.1552162849873,21.02.2014 15:57:38,6,68.436060539592,21.02.2014 15:57:58,1,72.3967341028838,21.02.2014 16:00:05,4,70.2439024390244,21.02.2014 15:55:05,2,72.9335494327391,21.02.2014 15:58:20,6,72.4521011109322,21.02.2014 16:02:06,6,67.8733031674208,21.02.2014 15:56:18,7,70.809089911077,21.02.2014 15:58:37,6,71.6433751990094,21.02.2014 16:04:57,4,70.8364345661268,21.02.2014 15:53:37,6,68.7799043062201,21.02.2014 15:54:16,4,66.9449150791355,21.02.2014 15:56:46,6,79.6342722312343,21.02.2014 16:03:00,1,67.0016750418761,21.02.2014 16:02:31,7,67.9594988845032,21.02.2014 15:54:35,6,74.1986545310645,21.02.2014 16:04:17,6,71.4977284575855,21.02.2014 16:00:30,4,69.512708889201,21.02.2014 15:57:09,1,65.8288450029922,21.02.2014 15:51:13,1,70.0284919844839,21.02.2014 15:55:48,1,67.4803182405132,21.02.2014 16:03:28,2,71.5900527505652,21.02.2014 15:53:21,6,68.0079342589969,21.02.2014 15:52:09,6,75.3659597081985,21.02.2014 16:04:37,2,67.4024770410313,21.02.2014 15:51:33,5,68.5413005272408,21.02.2014 15:55:26,6,73.8431243846406,21.02.2014 16:01:42 
22.02.2014 21:29:00,29,Female,White British,Secondary School,Administrative Support,United Kingdom,,United Kingdom,English,1st Born,False,-1,False,No books on moral philosophy,None,Other,Not at all,7,62.0915032679739,22.02.2014 21:21:51,1,64.7505305946257,22.02.2014 21:27:36,3,65.2688259769927,22.02.2014 21:22:09,3,64.5754856180672,22.02.2014 21:19:22,7,65.5250742617508,22.02.2014 21:08:18,6,61.6693248272196,22.02.2014 21:16:35,3,64.8004147226542,22.02.2014 21:20:21,1,63.9464068209501,22.02.2014 21:25:48,1,61.6273471352913,22.02.2014 21:26:21,1,67.0660824465707,22.02.2014 21:26:51,5,63.843839436413,22.02.2014 21:13:29,3,62.111801242236,22.02.2014 21:20:44,1,64.9192000279222,22.02.2014 21:24:14,4,60.7726812328172,22.02.2014 21:14:25,5,61.5151447611831,22.02.2014 21:12:46,7,63.5347302828517,22.02.2014 21:09:05,7,63.1738544474394,22.02.2014 21:21:27,6,62.5523825098632,22.02.2014 21:14:59,7,63.1382971547293,22.02.2014 21:11:30,7,62.7414157365714,22.02.2014 21:10:44,6,63.1953886516402,22.02.2014 21:28:05,6,62.1972797626495,22.02.2014 21:17:32,7,65.1243191091636,22.02.2014 21:09:53,6,66.1023780733575,22.02.2014 21:23:00,7,61.1776701503951,22.02.2014 21:15:47,7,59.7269624573379,22.02.2014 21:23:38,4,61.6691791147047,22.02.2014 21:17:03,2,61.6301165836372,22.02.2014 21:21:07,2,65.8744510462413,22.02.2014 21:22:46,2,63.8119227539882,22.02.2014 21:18:28,1,69.5889476377281,22.02.2014 21:25:19,1,59.2820287627621,22.02.2014 21:24:42 
23.05.2014 18:31:10,23,Male,White British,Bachelor's Degree,Manufacturing,United Kingdom,Kenya,Kenya,English,1st Born,False,-1,False,3,Christian (Other),None,Somewhat,7,55.4382259767687,23.05.2014 18:29:03,1,55.3846153846154,23.05.2014 18:25:00,5,57.2122052704577,23.05.2014 18:27:24,5,57.7211682764459,23.05.2014 18:26:57,4,59.6421471172962,23.05.2014 18:27:35,6,55.2147239263804,23.05.2014 18:30:35,5,53.1914893617021,23.05.2014 18:22:14,4,61.3463918635312,23.05.2014 18:20:22,5,57.0667681186989,23.05.2014 18:22:34,5,59.5695618754804,23.05.2014 18:24:16,5,58.2255755840753,23.05.2014 18:29:18,5,55.7170542635659,23.05.2014 18:20:40,4,57.5539568345324,23.05.2014 18:28:26,4,57.1219333577444,23.05.2014 18:30:21,5,54.608999563128,23.05.2014 18:23:21,5,55.5478405776975,23.05.2014 18:21:38,4,56.0445482306449,23.05.2014 18:23:49,5,62.7013846555778,23.05.2014 18:24:48,3,54.7556276617319,23.05.2014 18:30:49,4,54.249547920434,23.05.2014 18:25:25,5,53.7007404192997,23.05.2014 18:19:19,5,60.0567202357782,23.05.2014 18:28:08,4,54.1237113402062,23.05.2014 18:22:50,4,56.4971751412429,23.05.2014 18:28:42,5,55.5261766261237,23.05.2014 18:21:15,2,57.1973307912297,23.05.2014 18:25:51,4,56.5885206143897,23.05.2014 18:26:18,5,56.8643379366369,23.05.2014 18:22:00,5,57.0255474452555,23.05.2014 18:19:55,5,61.3839285714286,23.05.2014 18:30:00,5,53.4623217922607,23.05.2014 18:21:06,4,58.2180222747216,23.05.2014 18:26:34 
23.05.2014 21:10:26,33,Male,White British,Secondary School,Other,United Kingdom,,United Kingdom,English,1st Born,False,-1,False,1,Other,Other,Somewhat,5,86.9957468745972,23.05.2014 20:51:56,1,83.0722145303505,23.05.2014 20:53:24,4,87.0671276805389,23.05.2014 20:52:28,2,89.6979290331091,23.05.2014 21:04:03,2,90.6148867313916,23.05.2014 20:56:38,2,86.7127967066655,23.05.2014 20:46:31,2,89.0343517272942,23.05.2014 21:01:17,2,87.8973693573028,23.05.2014 21:07:37,2,83.7327163554233,23.05.2014 20:41:45,4,89.2060660124888,23.05.2014 21:09:20,2,89.4496663818337,23.05.2014 21:08:25,1,86.6026502014714,23.05.2014 20:44:03,1,94.3997958923332,23.05.2014 20:59:30,1,90.9683730029345,23.05.2014 20:57:19,5,89.1738306862888,23.05.2014 20:58:20,5,86.3209990216953,23.05.2014 20:51:05,1,84.6195101603004,23.05.2014 20:45:41,6,90.0286454781067,23.05.2014 21:06:32,1,87.4858240562872,23.05.2014 20:42:39,1,86.8273293842978,23.05.2014 20:47:17,3,88.4472049689441,23.05.2014 21:04:49,1,89.2726167773843,23.05.2014 20:44:53,4,94.0485917724157,23.05.2014 21:00:15,4,87.325122346135,23.05.2014 21:02:29,3,88.5736750052149,23.05.2014 20:55:36,4,87.1475386222046,23.05.2014 20:48:09,3,89.1121960468313,23.05.2014 20:54:33,2,89.2073705761919,23.05.2014 20:43:22,4,91.1875756928119,23.05.2014 21:05:49,5,107.916222932197,23.05.2014 20:50:22,2,90.7760609142092,23.05.2014 21:03:24,6,88.3132175448926,23.05.2014 20:49:32 
24.02.2014 19:55:17,22,Male,White other,Bachelor's Degree,Manufacturing,United Kingdom,Kenya,Kenya,English,1st Born,False,-1,False,2,Christian (Other),None,Not at all,7,69.154068832422,24.02.2014 19:51:34,1,65.7585720995773,24.02.2014 19:44:32,5,66.9383003492433,24.02.2014 19:54:34,5,72.7724529641463,24.02.2014 19:53:42,3,64.4329896907216,24.02.2014 19:44:13,5,71.4769189116015,24.02.2014 19:53:05,5,70.1565029681597,24.02.2014 19:49:28,5,70.9685898278355,24.02.2014 19:46:42,5,68.3533488394171,24.02.2014 19:50:54,5,69.6825572392435,24.02.2014 19:47:59,4,62.6713670191931,24.02.2014 19:43:43,5,64.6445719639302,24.02.2014 19:45:27,5,69.149319311388,24.02.2014 19:49:49,4,67.861492952845,24.02.2014 19:45:04,5,65.7174151150055,24.02.2014 19:46:11,4,70.4409079050352,24.02.2014 19:47:25,3,62.0142219282289,24.02.2014 19:41:23,6,63.1425564640168,24.02.2014 19:41:47,4,72.3383207617163,24.02.2014 19:50:04,5,66.0287081339713,24.02.2014 19:54:55,5,69.3007363203234,24.02.2014 19:48:35,5,64.0816059635127,24.02.2014 19:42:57,3,65.1041666666667,24.02.2014 19:47:05,4,66.1914460285132,24.02.2014 19:52:13,5,69.6711021842832,24.02.2014 19:48:56,5,70.9339638574565,24.02.2014 19:54:16,4,64.2358986908112,24.02.2014 19:42:24,5,68.1117898264771,24.02.2014 19:47:41,5,69.6496411988181,24.02.2014 19:51:16,6,68.8231245698555,24.02.2014 19:52:48,5,61.1724723874257,24.02.2014 19:40:41,4,67.1892497200448,24.02.2014 19:50:37 
25.02.2014 18:19:43,31,Male,White British,Secondary School,Administrative Support,United Kingdom,,United Kingdom,English,4th,False,1,False,No books on moral philosophy,None,None,Not at all,7,64.0243902439024,25.02.2014 18:05:45,1,68.9556098261744,25.02.2014 18:12:46,7,70.4051383399209,25.02.2014 18:17:51,6,67.7511556512227,25.02.2014 18:14:24,1,75.7269789983845,25.02.2014 18:18:43,1,65.4753785295321,25.02.2014 18:06:39,3,72.1153846153846,25.02.2014 18:19:19,1,74.2574257425743,25.02.2014 18:19:29,5,69.8447893569845,25.02.2014 18:17:33,7,72.1227621483376,25.02.2014 18:15:13,7,69.9708454810496,25.02.2014 18:18:07,7,69.1244239631336,25.02.2014 18:18:16,7,67.3461958500182,25.02.2014 18:10:42,7,70.568700705687,25.02.2014 18:16:11,3,67.8573714871007,25.02.2014 18:08:00,7,67.4854085603113,25.02.2014 18:09:39,4,71.6806950855281,25.02.2014 18:15:53,4,67.0968944388789,25.02.2014 18:13:41,1,65.6315517608095,25.02.2014 18:06:05,7,69.8370468905886,25.02.2014 18:11:47,2,69.9389301370904,25.02.2014 18:16:54,1,72.9523598983088,25.02.2014 18:19:10,7,66.4503468241786,25.02.2014 18:08:48,7,69.5450594030716,25.02.2014 18:16:40,4,75.5667506297229,25.02.2014 18:19:02,1,67.5840576717292,25.02.2014 18:07:07,1,71.2250712250712,25.02.2014 18:18:29,2,70.6090026478376,25.02.2014 18:13:14,2,68.8731585995791,25.02.2014 18:14:53,7,70.2165008777063,25.02.2014 18:11:14,1,68.8921964703381,25.02.2014 18:12:23,7,70.4248968778296,25.02.2014 18:10:12 
25.04.2014 20:41:35,31,Male,White British,Some College,Manufacturing,United Kingdom,,United Kingdom,English,1st Born,True,1,False,No books on moral philosophy,None,None,Not at all,7,74.8847926267281,25.04.2014 20:35:57,6,65.8709604774237,25.04.2014 20:25:52,6,69.676036207718,25.04.2014 20:24:35,6,73.2736878434704,25.04.2014 20:35:19,4,74.5600092477531,25.04.2014 20:37:08,6,72.0340000480227,25.04.2014 20:32:02,6,71.0762212910412,25.04.2014 20:27:23,5,67.3583573252214,25.04.2014 20:20:44,5,76.0049878273262,25.04.2014 20:36:17,6,71.5999946962967,25.04.2014 20:37:42,6,77.9036827195468,25.04.2014 20:40:56,7,73.0495763124574,25.04.2014 20:29:05,6,65.7730828641188,25.04.2014 20:13:50,6,68.0298255054193,25.04.2014 20:14:50,5,76.1743546339399,25.04.2014 20:39:57,7,71.9909497091794,25.04.2014 20:30:34,6,74.9432647819432,25.04.2014 20:26:28,4,69.9370968066079,25.04.2014 20:19:55,3,73.023389612976,25.04.2014 20:32:44,6,75.8728894925415,25.04.2014 20:25:09,6,73.6091602510535,25.04.2014 20:33:28,6,64.1818906390922,25.04.2014 20:15:43,6,71.0408149587829,25.04.2014 20:28:20,6,73.6264499548517,25.04.2014 20:23:51,4,69.2780946800627,25.04.2014 20:17:18,2,72.2704024905492,25.04.2014 20:34:25,3,68.0538172715895,25.04.2014 20:19:03,5,71.5401279661444,25.04.2014 20:38:58,5,72.4726994848029,25.04.2014 20:23:12,6,68.8684353004873,25.04.2014 20:18:17,4,69.0208667736758,25.04.2014 20:22:35,7,66.9601339202679,25.04.2014 20:29:47 
27.08.2014 20:36:58,40,Male,White British,Secondary School,Health Care,United Kingdom,,United Kingdom,English,2nd,True,1,False,No books on moral philosophy,None,None,Somewhat,7,84.7697089573326,27.08.2014 20:28:23,1,82.4954885279711,27.08.2014 20:15:58,6,85.0050304909349,27.08.2014 20:26:39,1,85.1365732529266,27.08.2014 20:30:24,4,86.5176640230714,27.08.2014 20:35:00,5,83.8195414578026,27.08.2014 20:17:09,5,81.9255173890927,27.08.2014 20:20:36,3,83.9544708446573,27.08.2014 20:28:52,5,79.360515268273,27.08.2014 20:14:05,3,82.9732065687122,27.08.2014 20:32:58,6,79.8042136624814,27.08.2014 20:16:32,7,87.3820342537574,27.08.2014 20:31:00,7,83.4820959781581,27.08.2014 20:24:22,6,86.164451009355,27.08.2014 20:36:30,6,83.7363279348285,27.08.2014 20:33:22,6,82.293095366239,27.08.2014 20:25:41,7,82.312591866732,27.08.2014 20:18:51,6,81.6674592892635,27.08.2014 20:23:22,3,80.8813275693767,27.08.2014 20:21:13,6,84.9896372284432,27.08.2014 20:33:54,6,85.5117172701196,27.08.2014 20:27:28,4,81.3865862848531,27.08.2014 20:14:57,5,83.6267605633803,27.08.2014 20:29:30,5,84.6377126115617,27.08.2014 20:31:34,6,81.6985702750202,27.08.2014 20:19:33,2,80.7281361297982,27.08.2014 20:22:18,4,82.9187396351576,27.08.2014 20:17:46,4,81.6999319167234,27.08.2014 20:18:23,4,84.9724626278521,27.08.2014 20:35:28,5,84.1355877356201,27.08.2014 20:35:53,5,83.277567105361,27.08.2014 20:25:01,6,85.2658097022156,27.08.2014 20:32:12 
28.03.2014 16:26:13,21,Male,White British,Masters's Degree,Student,Kenya,,Kenya,English,1st Born,False,-1,False,No books on moral philosophy,Christian (Orthodox),Christian (Orthodox),Not at all,4,80.505540166205,28.03.2014 16:12:31,1,74.8752079866888,28.03.2014 16:10:58,2,81.6865382235241,28.03.2014 16:25:33,2,80.3691025450216,28.03.2014 16:18:10,4,77.2476932980474,28.03.2014 16:16:46,5,78.58399131834,28.03.2014 16:17:43,4,78.7512304879764,28.03.2014 16:15:15,3,86.1618798955614,28.03.2014 16:21:17,5,92.0791043214398,28.03.2014 16:22:05,5,81.2073852754156,28.03.2014 16:18:37,4,91.0931174089069,28.03.2014 16:23:49,4,77.3453093812375,28.03.2014 16:12:55,2,81.0673872656646,28.03.2014 16:11:49,4,75.9785111281658,28.03.2014 16:14:49,4,93.8898795443794,28.03.2014 16:23:22,6,74.8483675312944,28.03.2014 16:14:26,5,79.233323271959,28.03.2014 16:16:19,4,83.1460674157303,28.03.2014 16:22:54,5,89.4899075270956,28.03.2014 16:22:33,4,86.5533230293663,28.03.2014 16:24:18,2,90.8221797323136,28.03.2014 16:25:08,4,77.8494100474395,28.03.2014 16:13:19,4,81.8629604791527,28.03.2014 16:20:33,6,87.4303091738469,28.03.2014 16:17:28,7,84.6819721490403,28.03.2014 16:25:59,7,86.6634569090034,28.03.2014 16:21:40,1,82.1917808219178,28.03.2014 16:20:12,4,77.7350150516328,28.03.2014 16:11:23,6,84.4629822732013,28.03.2014 16:24:48,6,80.3721738500806,28.03.2014 16:19:17,4,75.941008144398,28.03.2014 16:12:13,2,78.482668410726,28.03.2014 16:13:44 
28.04.2014 11:50:52,28,Female,White British,Masters's Degree,Education: Other,United Kingdom,,United Kingdom,English,1st Born,True,1,False,2,Christian (Other),None,Not at all,7,59.9193393508738,28.04.2014 11:35:17,1,66.2205973649721,28.04.2014 11:49:05,6,75.0586395621579,28.04.2014 11:26:00,7,64.6184222335238,28.04.2014 11:47:04,3,78.8775961113566,28.04.2014 11:26:51,7,52.4623890960525,28.04.2014 11:40:28,4,80.1818844478384,28.04.2014 11:38:26,2,94.5045434876677,28.04.2014 11:28:21,4,100.487616902076,28.04.2014 11:30:10,7,90.2671908850197,28.04.2014 11:32:25,7,82.3912266511164,28.04.2014 11:29:22,7,73.0704825696453,28.04.2014 11:50:02,7,63.4478117714918,28.04.2014 11:44:02,7,72.9942058271646,28.04.2014 11:44:42,4,90.4295403165034,28.04.2014 11:33:14,7,89.392783167993,28.04.2014 11:41:06,6,89.8676947826811,28.04.2014 11:48:24,5,81.9173260079286,28.04.2014 11:34:16,2,82.8371731814652,28.04.2014 11:47:38,7,59.7529616362204,28.04.2014 11:39:20,5,88.8492200336734,28.04.2014 11:46:15,5,82.8790826859952,28.04.2014 11:31:18,7,77.2111783347738,28.04.2014 11:25:07,7,85.3119075561975,28.04.2014 11:45:30,1,66.0434398400074,28.04.2014 11:42:34,2,115.094211278144,28.04.2014 11:35:41,1,88.7726220087486,28.04.2014 11:36:56,4,87.6075678026655,28.04.2014 11:49:30,4,87.4696286011801,28.04.2014 11:43:32,7,74.2065858344928,28.04.2014 11:24:23,4,87.7224262739364,28.04.2014 11:41:59,7,90.6322329150932,28.04.2014 11:37:41 
28.08.2014 20:34:33,21,Female,White British,Bachelor's Degree,Administrative Support,United Kingdom,,United Kingdom,English,1st Born,False,-1,False,No books on moral philosophy,Christian (Other),None,Somewhat,7,139.461909465977,28.08.2014 20:24:23,2,103.129265456751,28.08.2014 20:18:53,4,88.8358208955224,28.08.2014 20:19:46,4,0,28.08.2014 20:33:37,3,94.2433047985549,28.08.2014 20:21:56,5,0,28.08.2014 20:33:58,5,115.861181140374,28.08.2014 20:27:43,3,72.3003964860452,28.08.2014 20:21:28,4,85.1724876794515,28.08.2014 20:23:47,4,103.273709078637,28.08.2014 20:26:00,5,124.324051144691,28.08.2014 20:29:49,4,84.7739361702128,28.08.2014 20:26:57,3,0,28.08.2014 20:33:07,5,82.2327435833541,28.08.2014 20:20:25,4,98.2101554994129,28.08.2014 20:20:57,5,0,28.08.2014 20:33:18,5,107.241344091513,28.08.2014 20:28:56,5,0,28.08.2014 20:32:45,5,103.294467485719,28.08.2014 20:25:12,6,98.8291857721587,28.08.2014 20:28:35,5,102.533620625604,28.08.2014 20:22:19,5,0,28.08.2014 20:32:16,5,114.022585242846,28.08.2014 20:26:29,5,115.75724531309,28.08.2014 20:30:13,6,82.805344708613,28.08.2014 20:19:13,5,84.0710782752691,28.08.2014 20:24:42,2,75.5939524838013,28.08.2014 20:22:59,3,111.647689513092,28.08.2014 20:25:37,3,106.539627544392,28.08.2014 20:27:23,5,96.9571315324105,28.08.2014 20:28:02,5,113.815997470756,28.08.2014 20:29:35,4,93.622001170275,28.08.2014 20:23:20 
